{"stats":{"minecraft:custom":{"minecraft:mob_kills":40,"minecraft:interact_with_crafting_table":16,"minecraft:open_barrel":24,"minecraft:leave_game":4,"minecraft:time_since_death":40810,"minecraft:climb_one_cm":14179,"minecraft:sprint_one_cm":400436,"minecraft:walk_one_cm":247756,"minecraft:drop":67,"minecraft:talked_to_villager":1,"minecraft:play_time":544983,"minecraft:deaths":3,"minecraft:sneak_time":5371,"minecraft:walk_under_water_one_cm":20693,"minecraft:boat_one_cm":119880,"minecraft:jump":2182,"minecraft:interact_with_blast_furnace":1,"minecraft:walk_on_water_one_cm":21995,"minecraft:total_world_time":544983,"minecraft:interact_with_furnace":11,"minecraft:time_since_rest":40836,"minecraft:damage_taken":4507,"minecraft:damage_dealt":6364,"minecraft:swim_one_cm":42088,"minecraft:fly_one_cm":414567,"minecraft:open_chest":49,"minecraft:crouch_one_cm":13651,"minecraft:interact_with_smoker":17,"minecraft:fall_one_cm":70901},"minecraft:mined":{"minecraft:dark_prismarine":3,"minecraft:oak_sapling":1,"minecraft:deepslate_diamond_ore":27,"minecraft:jungle_leaves":2,"minecraft:obsidian":4,"gravestone:gravestone":2,"minecraft:grass_block":1,"minecraft:jungle_planks":1,"minecraft:decorated_pot":2,"minecraft:red_mushroom":1,"minecraft:moss_block":10,"minecraft:spawner":1,"minecraft:large_fern":7,"epicsamurai:deepslate_jade_ore":15,"minecraft:furnace":2,"minecraft:iron_ore":2,"minecraft:cobbled_deepslate":2,"minecraft:andesite":3,"minecraft:deepslate_lapis_ore":2,"minecraft:gold_block":2,"minecraft:bookshelf":1,"minecraft:deepslate_iron_ore":26,"epicsamurai:deepslate_silver_ore":22,"minecraft:azalea":1,"minecraft:stone":56,"minecraft:birch_stairs":1,"minecraft:scaffolding":1,"minecraft:flowering_azalea":3,"epicsamurai:deepslate_aquamarine_ore":2,"minecraft:clay":1,"minecraft:crafting_table":2,"minecraft:torch":1,"minecraft:stone_slab":3,"minecraft:tall_grass":46,"minecraft:cobblestone":1,"minecraft:deepslate_gold_ore":42,"minecraft:bricks":8,"minecraft:oak_planks":5,"minecraft:wall_torch":1,"gamma_beasts:deepslate_prehnite_ore":41,"minecraft:birch_planks":1,"minecraft:red_terracotta":3,"minecraft:sea_pickle":1,"minecraft:stripped_oak_wood":2,"minecraft:stone_brick_stairs":2,"gamma_beasts:thin_oak_log":1,"minecraft:grass":18,"minecraft:oak_log":11,"minecraft:coal_ore":67,"minecraft:redstone_lamp":2,"minecraft:oak_leaves":6,"minecraft:deepslate":78,"minecraft:fern":2,"minecraft:suspicious_gravel":1},"minecraft:crafted":{"minecraft:oak_planks":218,"minecraft:bookshelf":1,"minecraft:diamond_helmet":1,"minecraft:diamond_leggings":1,"minecraft:stone_pickaxe":1,"minecraft:cooked_beef":7,"minecraft:diamond_sword":1,"minecraft:crafting_table":10,"minecraft:wooden_pickaxe":1,"minecraft:baked_potato":45,"minecraft:iron_sword":1,"minecraft:bucket":1,"minecraft:stone_axe":1,"minecraft:air":0,"minecraft:oak_boat":4,"minecraft:diamond_pickaxe":1,"minecraft:stick":12,"minecraft:iron_ingot":2,"minecraft:wooden_axe":1,"minecraft:torch":40,"minecraft:diamond_chestplate":1},"minecraft:used":{"minecraft:moss_block":7,"minecraft:tropical_fish":1,"minecraft:decorated_pot":1,"gamma_beasts:green_apple":56,"minecraft:iron_sword":79,"minecraft:torch":23,"minecraft:wooden_axe":21,"minecraft:flowering_azalea":1,"minecraft:bookshelf":1,"minecraft:stone_brick_stairs":1,"minecraft:bow":22,"minecraft:scaffolding":8,"minecraft:potato":1,"minecraft:cooked_beef":7,"minecraft:cobbled_deepslate":72,"minecraft:water_bucket":22,"minecraft:diamond_boots":1,"minecraft:baked_potato":22,"minecraft:stone_pickaxe":21,"minecraft:oak_planks":16,"minecraft:wooden_pickaxe":5,"minecraft:crafting_table":9,"minecraft:diamond_pickaxe":223,"minecraft:apple":7,"minecraft:melon_slice":6,"minecraft:bread":7,"minecraft:iron_pickaxe":181,"minecraft:red_terracotta":2,"minecraft:stone_axe":16,"minecraft:enchanted_book":1,"minecraft:diamond_sword":33,"epicsamurai:katana":5,"minecraft:cobblestone":51,"minecraft:bucket":23,"alexsmobs:animal_dictionary":4,"minecraft:oak_boat":5,"minecraft:birch_stairs":1},"minecraft:killed_by":{"minecraft:player":1},"minecraft:picked_up":{"gamma_beasts:thin_oak_log":39,"minecraft:crafting_table":2,"minecraft:iron_chestplate":1,"minecraft:chicken":8,"minecraft:clay_ball":4,"minecraft:stone_slab":2,"minecraft:gold_block":2,"minecraft:stone_brick_stairs":2,"minecraft:string":5,"minecraft:moss_carpet":3,"minecraft:iron_leggings":1,"epicsamurai:jade":14,"artifacts:fire_gauntlet":1,"minecraft:cobbled_deepslate":74,"minecraft:beef":11,"minecraft:oak_boat":3,"minecraft:azalea":1,"minecraft:egg":1,"minecraft:furnace":2,"minecraft:stick":11,"minecraft:raw_iron":28,"minecraft:big_dripleaf":1,"minecraft:torch":4,"sophisticatedbackpacks:backpack":1,"minecraft:porkchop":3,"minecraft:redstone":2,"minecraft:arrow":1,"minecraft:rotten_flesh":8,"minecraft:tropical_fish":3,"minecraft:decorated_pot":1,"minecraft:diamond_boots":1,"artifacts:running_shoes":2,"gamma_beasts:coal_nugget":15,"minecraft:obsidian":4,"minecraft:cobblestone":58,"minecraft:feather":6,"minecraft:lilac":1,"minecraft:repeater":2,"minecraft:andesite":2,"minecraft:leather":3,"gamma_beasts:prehnite":41,"paraglider:spirit_orb":2,"gamma_beasts:green_apple":56,"minecraft:oak_log":33,"gamma_beasts:oak_leaf":68,"supplementaries:flax_seeds":2,"minecraft:lapis_lazuli":13,"minecraft:dirt":1,"minecraft:bone":3,"minecraft:apple":2,"minecraft:wheat_seeds":13,"minecraft:raw_gold":38,"minecraft:iron_ingot":16,"minecraft:stripped_oak_wood":2,"minecraft:glass_bottle":2,"epicsamurai:aquamarine":2,"minecraft:moss_block":10,"minecraft:oak_planks":25,"epicsamurai:raw_silver":20,"minecraft:flowering_azalea":2,"minecraft:book":4,"minecraft:scaffolding":8,"epicsamurai:katana":1,"minecraft:gravel":2,"minecraft:birch_stairs":1,"minecraft:spider_eye":2,"minecraft:red_terracotta":2,"minecraft:diamond":27,"minecraft:golden_apple":1,"minecraft:oak_sapling":8,"minecraft:coal":64},"minecraft:killed":{"minecraft:witch":2,"minecraft:spider":7,"minecraft:skeleton":5,"minecraft:chicken":8,"artifacts:mimic":1,"minecraft:husk":1,"minecraft:pig":1,"minecraft:creeper":1,"minecraft:zombie":6,"alexsmobs:komodo_dragon":1,"minecraft:cow":6},"minecraft:dropped":{"minecraft:iron_sword":1,"minecraft:moss_block":3,"minecraft:porkchop":3,"minecraft:wheat_seeds":13,"gamma_beasts:oak_leaf":68,"minecraft:lilac":1,"gamma_beasts:coal_nugget":15,"minecraft:bookshelf":4,"minecraft:feather":6,"minecraft:cobblestone":1,"minecraft:leather":14,"minecraft:jungle_planks":10,"minecraft:tropical_fish":2,"minecraft:coal":2,"minecraft:music_disc_13":1,"minecraft:dirt":1,"minecraft:repeater":2,"minecraft:wooden_axe":1,"minecraft:iron_leggings":1,"minecraft:flowering_azalea":1,"minecraft:iron_pickaxe":2,"minecraft:string":1,"minecraft:gold_ingot":1,"minecraft:bone":3,"minecraft:gravel":2,"minecraft:moss_carpet":3,"minecraft:iron_nugget":1,"minecraft:cobbled_deepslate":2,"alexsmobs:animal_dictionary":1,"epicsamurai:katana":1,"minecraft:chicken":8,"minecraft:rotten_flesh":8,"minecraft:clay_ball":4,"minecraft:big_dripleaf":1,"minecraft:rabbit_hide":4,"minecraft:iron_chestplate":1,"minecraft:andesite":2,"minecraft:azalea":1,"minecraft:oak_boat":1,"minecraft:oak_sapling":8,"minecraft:spider_eye":2,"minecraft:beef":4,"minecraft:wooden_pickaxe":1,"minecraft:stone_brick_stairs":1,"minecraft:egg":1}},"DataVersion":3465}