{"stats":{"minecraft:broken":{"minecraft:iron_boots":1,"minecraft:iron_sword":2,"minecraft:iron_axe":1,"minecraft:iron_pickaxe":1,"minecraft:iron_helmet":1},"minecraft:picked_up":{"minecraft:iron_chestplate":1,"minecraft:wheat":10,"minecraft:smithing_table":1,"minecraft:stone_slab":3,"minecraft:diamond_sword":2,"minecraft:wither_rose":1,"minecraft:potion":1,"minecraft:golden_shovel":1,"minecraft:stone_brick_stairs":2,"minecraft:brewing_stand":1,"minecraft:string":56,"minecraft:raw_copper":6,"alexsmobs:ancient_dart":1,"minecraft:red_candle":3,"minecraft:zombie_head":2,"minecraft:shroomlight":1,"minecraft:beetroot":1,"minecraft:deepslate_tiles":3,"minecraft:smooth_stone":8,"minecraft:gold_nugget":47,"minecraft:cobbled_deepslate":173,"minecraft:spruce_planks":5,"minecraft:white_tulip":1,"minecraft:calcite":2,"minecraft:azalea":1,"minecraft:iron_pickaxe":1,"minecraft:smooth_quartz_stairs":1,"minecraft:iron_boots":1,"minecraft:furnace":1,"minecraft:tipped_arrow":8,"minecraft:spruce_pressure_plate":6,"minecraft:stick":12,"minecraft:big_dripleaf":3,"minecraft:oak_fence":1,"minecraft:torch":119,"minecraft:spruce_stairs":15,"minecraft:porkchop":3,"minecraft:rotten_flesh":68,"supplementaries:antique_ink":11,"gamma_beasts:coal_nugget":28,"supplementaries:ash":112,"minecraft:obsidian":10,"minecraft:iron_bars":7,"minecraft:cobblestone":167,"minecraft:birch_log":11,"minecraft:magma_block":1,"minecraft:feather":2,"minecraft:andesite":2,"gamma_beasts:prehnite":187,"minecraft:potato":1,"alexsmobs:bison_fur":4,"paraglider:spirit_orb":18,"minecraft:tuff":6,"supplementaries:flax_seeds":7,"minecraft:lapis_lazuli":416,"minecraft:dirt":71,"artifacts:flippers":1,"minecraft:polished_granite":2,"artifacts:shock_pendant":2,"minecraft:bone":79,"minecraft:bow":2,"minecraft:wheat_seeds":147,"minecraft:raw_gold":183,"minecraft:mossy_stone_bricks":1,"minecraft:moss_block":10,"epicsamurai:raw_silver":85,"minecraft:oak_planks":1,"minecraft:mossy_stone_brick_stairs":1,"artifacts:rooted_boots":4,"minecraft:sand":51,"sophisticatedbackpacks:iron_backpack":1,"securitycraft:reinforced_stone":23,"minecraft:cyan_bed":1,"minecraft:dark_prismarine":5,"alexsmobs:kangaroo_hide":4,"minecraft:dispenser":1,"minecraft:yellow_carpet":4,"minecraft:diamond":160,"minecraft:writable_book":3,"enchantinginfuser:enchanting_infuser":1,"epicsamurai:jorogumo_eye":1,"minecraft:spruce_sign":2,"minecraft:emerald":29,"minecraft:blue_banner":1,"alexsmobs:banana_slug_slime":2,"epicsamurai:ruby":59,"minecraft:oak_sapling":5,"minecraft:netherrack":62,"sophisticatedbackpacks:gold_backpack":1,"minecraft:mud":1,"minecraft:coarse_dirt":3,"minecraft:crafting_table":8,"minecraft:chicken":2,"minecraft:golden_pickaxe":1,"minecraft:redstone_lamp":3,"minecraft:gold_block":3,"gravestone:obituary":2,"minecraft:red_bed":1,"minecraft:moss_carpet":2,"epicsamurai:jade":79,"minecraft:item_frame":1,"minecraft:white_carpet":4,"minecraft:beef":74,"minecraft:player_head":2,"minecraft:iron_nugget":13,"minecraft:spruce_slab":1,"minecraft:lectern":99,"minecraft:chest":1,"minecraft:birch_sapling":6,"minecraft:spruce_trapdoor":1,"minecraft:dark_oak_sapling":3,"minecraft:raw_iron":282,"minecraft:raw_gold_block":1,"bygonenether:cobbled_blackstone":23,"minecraft:bowl":1,"minecraft:note_block":8,"minecraft:carrot":6,"minecraft:redstone":604,"minecraft:dark_oak_planks":1,"minecraft:arrow":29,"minecraft:stone_shovel":1,"minecraft:hay_block":34,"paraglider:horned_statue":1,"minecraft:glow_berries":9,"minecraft:mutton":2,"minecraft:skeleton_skull":2,"alexsmobs:kangaroo_meat":5,"minecraft:white_wool":5,"minecraft:stripped_oak_log":8,"minecraft:glow_ink_sac":3,"minecraft:tripwire_hook":1,"minecraft:leather":27,"minecraft:red_mushroom":3,"minecraft:acacia_wood":4,"minecraft:birch_planks":10,"minecraft:oak_log":46,"minecraft:gunpowder":3,"minecraft:paper":5,"minecraft:stone_bricks":4,"minecraft:spore_blossom":1,"minecraft:spruce_wood":5,"minecraft:iron_ingot":1,"epicsamurai:aquamarine":51,"minecraft:flowering_azalea":1,"minecraft:dark_oak_stairs":3,"minecraft:book":51,"minecraft:smooth_basalt":1,"minecraft:dark_oak_slab":1,"minecraft:black_candle":1,"minecraft:sweet_berries":19,"minecraft:dandelion":1,"minecraft:raw_iron_block":2,"minecraft:amethyst_shard":12,"minecraft:spruce_sapling":24,"minecraft:blast_furnace":1,"minecraft:spruce_log":63,"minecraft:crying_obsidian":4,"minecraft:spider_eye":3,"minecraft:slime_ball":1,"minecraft:iron_helmet":1,"minecraft:diamond_axe":1,"minecraft:painting":1,"wardrobe:silk":4,"minecraft:coal":80,"minecraft:ender_pearl":1,"epicsamurai:spirit_flame":3},"minecraft:used":{"minecraft:moss_block":1,"minecraft:beetroot":3,"minecraft:spruce_slab":1,"minecraft:chest":5,"minecraft:iron_sword":459,"minecraft:player_head":1,"minecraft:mutton":1,"securitycraft:keypad_item":2,"gamma_beasts:prehnite_armor_boots":1,"minecraft:obsidian":2,"minecraft:tuff":1,"minecraft:honey_bottle":28,"minecraft:milk_bucket":1,"minecraft:big_dripleaf":2,"minecraft:iron_helmet":1,"minecraft:stone_bricks":2,"minecraft:blue_banner":1,"minecraft:item_frame":1,"minecraft:redstone_lamp":3,"farmersdelight:cutting_board":2,"minecraft:magma_block":1,"minecraft:hay_block":2,"minecraft:sweet_berries":23,"minecraft:furnace":2,"minecraft:skeleton_skull":1,"minecraft:potato":3,"bygonenether:cobbled_blackstone":12,"minecraft:dark_oak_stairs":2,"minecraft:mossy_stone_bricks":1,"minecraft:oak_planks":53,"minecraft:stone_pickaxe":8,"minecraft:wooden_pickaxe":5,"minecraft:diamond_axe":111,"minecraft:cookie":5,"minecraft:glow_berries":10,"minecraft:mushroom_stew":22,"minecraft:blast_furnace":5,"minecraft:crossbow":19,"minecraft:note_block":6,"minecraft:deepslate_tiles":3,"sophisticatedbackpacks:backpack":2,"minecraft:zombie_head":1,"minecraft:bread":108,"minecraft:spore_blossom":1,"minecraft:lectern":98,"minecraft:polished_granite":1,"minecraft:diamond_sword":584,"minecraft:smithing_table":1,"supplementaries:bamboo_spikes":1,"minecraft:coarse_dirt":3,"minecraft:experience_bottle":16,"minecraft:stone_shovel":145,"minecraft:spruce_planks":140,"minecraft:cooked_salmon":17,"minecraft:netherrack":29,"minecraft:torch":132,"minecraft:brewing_stand":1,"minecraft:dirt":7,"minecraft:anvil":1,"minecraft:iron_hoe":115,"paraglider:horned_statue":1,"minecraft:bookshelf":19,"minecraft:iron_axe":182,"alexsmobs:kangaroo_burger":4,"minecraft:tripwire_hook":1,"minecraft:golden_carrot":2,"minecraft:beef":4,"minecraft:cooked_beef":21,"minecraft:beetroot_soup":1,"minecraft:cobbled_deepslate":32,"minecraft:cooked_mutton":10,"minecraft:wheat_seeds":97,"farmersdelight:iron_knife":3,"minecraft:water_bucket":57,"securitycraft:panic_button":1,"supplementaries:slingshot":4,"minecraft:crafting_table":11,"minecraft:red_bed":1,"minecraft:cake":2,"minecraft:dark_prismarine":5,"minecraft:oak_log":1,"minecraft:diamond_pickaxe":1171,"alexsmobs:kangaroo_meat":1,"minecraft:iron_pickaxe":360,"minecraft:spruce_trapdoor":1,"enchantinginfuser:enchanting_infuser":2,"minecraft:cobblestone":69,"minecraft:potion":1,"minecraft:cooked_porkchop":1,"minecraft:bucket":57,"minecraft:pumpkin_pie":6,"minecraft:smooth_stone":3},"minecraft:custom":{"minecraft:interact_with_crafting_table":89,"minecraft:open_barrel":75,"minecraft:eat_cake_slice":25,"minecraft:leave_game":12,"minecraft:time_since_death":258429,"minecraft:damage_resisted":457,"minecraft:sprint_one_cm":972867,"minecraft:drop":204,"minecraft:play_noteblock":145,"minecraft:talked_to_villager":124,"minecraft:play_time":530999,"minecraft:deaths":10,"minecraft:jump":7278,"minecraft:enchant_item":1,"minecraft:walk_on_water_one_cm":37192,"minecraft:interact_with_furnace":30,"minecraft:interact_with_cartography_table":1,"minecraft:interact_with_loom":2,"minecraft:sleep_in_bed":2,"minecraft:damage_dealt":53081,"minecraft:crouch_one_cm":13026,"minecraft:interact_with_smoker":35,"minecraft:interact_with_smithing_table":11,"minecraft:interact_with_anvil":3,"minecraft:mob_kills":269,"minecraft:damage_dealt_resisted":154,"minecraft:climb_one_cm":23171,"minecraft:walk_one_cm":2001262,"minecraft:damage_dealt_absorbed":90,"minecraft:sneak_time":5208,"minecraft:walk_under_water_one_cm":35479,"minecraft:interact_with_blast_furnace":76,"minecraft:total_world_time":530999,"minecraft:tune_noteblock":197,"minecraft:time_since_rest":202361,"minecraft:damage_taken":20784,"minecraft:minecart_one_cm":23,"minecraft:swim_one_cm":44672,"minecraft:fly_one_cm":1294976,"minecraft:open_chest":246,"minecraft:fall_one_cm":355640},"minecraft:killed":{"alexsmobs:hummingbird":1,"minecraft:cave_spider":1,"minecraft:witch":1,"minecraft:spider":15,"minecraft:skeleton":50,"alexsmobs:banana_slug":3,"minecraft:chicken":2,"minecraft:silverfish":3,"minecraft:piglin_brute":7,"minecraft:tropical_fish":1,"alexsmobs:kangaroo":6,"artifacts:mimic":3,"epicsamurai:enenra":1,"minecraft:piglin":3,"minecraft:pig":4,"minecraft:zombie_villager":1,"epicsamurai:jorogumo":1,"minecraft:creeper":3,"minecraft:sheep":4,"minecraft:pillager":1,"alexsmobs:flutter":1,"minecraft:zombie":77,"gamma_beasts:crasu_a":1,"minecraft:stray":1,"minecraft:glow_squid":1,"minecraft:cow":28,"alexsmobs:bison":3,"minecraft:drowned":1,"minecraft:husk":13,"alexsmobs:crow":1,"minecraft:wither_skeleton":3,"minecraft:enderman":3},"minecraft:dropped":{"minecraft:spruce_sign":1,"minecraft:acacia_wood":4,"minecraft:birch_planks":9,"minecraft:moss_block":6,"minecraft:porkchop":3,"minecraft:cooked_beef":4,"alexsmobs:banana_slug_slime":2,"minecraft:glow_ink_sac":3,"minecraft:golden_pickaxe":1,"minecraft:glass_bottle":15,"minecraft:crafting_table":3,"minecraft:dark_oak_sapling":3,"minecraft:dark_oak_slab":1,"minecraft:leather":1,"alexsmobs:bison_fur":4,"minecraft:item_frame":1,"minecraft:music_disc_11":1,"minecraft:dirt":3,"minecraft:mutton":1,"gravestone:obituary":12,"minecraft:writable_book":3,"minecraft:pumpkin_pie":10,"minecraft:iron_pickaxe":2,"minecraft:dark_oak_planks":1,"minecraft:music_disc_stal":2,"minecraft:white_wool":8,"minecraft:bone":31,"minecraft:note_block":2,"minecraft:iron_nugget":13,"minecraft:cobbled_deepslate":28,"minecraft:birch_sapling":6,"minecraft:soul_lantern":1,"minecraft:rotten_flesh":45,"minecraft:oak_planks":4,"minecraft:golden_shovel":1,"supplementaries:antique_ink":11,"minecraft:leather_chestplate":1,"supplementaries:flax_seeds":7,"supplementaries:ash":60,"minecraft:tipped_arrow":8,"minecraft:gunpowder":2,"minecraft:skeleton_skull":1,"minecraft:spruce_pressure_plate":6,"minecraft:azalea":1,"minecraft:spruce_wood":1,"minecraft:painting":1,"minecraft:red_nether_bricks":1,"minecraft:iron_bars":6,"minecraft:arrow":3,"minecraft:polished_granite":1,"minecraft:lectern":1,"minecraft:bread":32,"minecraft:wheat_seeds":50,"minecraft:smooth_quartz_stairs":1,"gamma_beasts:coal_nugget":22,"minecraft:oak_fence":1,"minecraft:iron_helmet":2,"minecraft:feather":2,"minecraft:cobblestone":16,"minecraft:book":1,"minecraft:copper_ingot":9,"minecraft:spruce_stairs":15,"minecraft:yellow_carpet":4,"minecraft:stick":14,"bygonenether:cobbled_blackstone":3,"minecraft:black_candle":1,"minecraft:zombie_head":1,"epicsamurai:jorogumo_eye":1,"minecraft:potion":2,"minecraft:iron_leggings":2,"minecraft:wither_rose":1,"minecraft:mud":1,"minecraft:smooth_stone":5,"artifacts:rooted_boots":1,"minecraft:paper":5,"minecraft:string":36,"minecraft:spruce_sapling":8,"minecraft:redstone":33,"minecraft:smooth_basalt":1,"minecraft:moss_carpet":2,"minecraft:player_head":1,"minecraft:bowl":10,"minecraft:raw_iron":4,"minecraft:stone_shovel":1,"minecraft:white_carpet":4,"minecraft:iron_boots":3,"alexsmobs:ancient_dart":4,"minecraft:stone_slab":3,"minecraft:polished_deepslate_stairs":1,"minecraft:diamond_sword":2,"minecraft:potato":2,"minecraft:shroomlight":1,"minecraft:spruce_trapdoor":1,"minecraft:spruce_planks":48,"minecraft:iron_chestplate":3,"minecraft:oak_sapling":5,"minecraft:golden_sword":1,"minecraft:spider_eye":3,"minecraft:spruce_log":6,"minecraft:bow":1,"minecraft:stone_pickaxe":1,"minecraft:wooden_pickaxe":1,"minecraft:cyan_bed":1},"minecraft:mined":{"minecraft:dark_oak_planks":1,"minecraft:large_amethyst_bud":4,"minecraft:spruce_planks":6,"minecraft:sculk_vein":3,"minecraft:red_nether_bricks":1,"minecraft:brewing_stand":1,"minecraft:obsidian":10,"minecraft:spruce_trapdoor":2,"minecraft:cave_vines_plant":10,"minecraft:granite":1,"minecraft:grass_block":69,"epicsamurai:silver_ore":13,"minecraft:yellow_carpet":4,"minecraft:spawner":10,"minecraft:smooth_stone":8,"epicsamurai:deepslate_jade_ore":48,"minecraft:raw_iron_block":2,"minecraft:magma_block":5,"minecraft:iron_ore":76,"minecraft:fire":7,"minecraft:cobbled_deepslate":3,"minecraft:moss_carpet":1,"minecraft:deepslate_lapis_ore":48,"minecraft:dark_oak_stairs":3,"minecraft:cave_vines":13,"minecraft:iron_bars":7,"epicsamurai:deepslate_silver_ore":51,"minecraft:spruce_pressure_plate":4,"minecraft:spruce_wood":8,"minecraft:player_head":1,"minecraft:spruce_slab":1,"minecraft:deepslate_redstone_ore":109,"minecraft:blue_banner":1,"minecraft:red_bed":1,"minecraft:blackstone":25,"minecraft:polished_deepslate_stairs":1,"minecraft:medium_amethyst_bud":1,"minecraft:torch":28,"minecraft:note_block":8,"minecraft:blast_furnace":5,"minecraft:calcite":2,"minecraft:chest":1,"minecraft:white_stained_glass_pane":2,"minecraft:mushroom_stem":11,"minecraft:cobblestone":30,"minecraft:cyan_bed":1,"minecraft:oak_planks":1,"minecraft:wall_torch":22,"minecraft:repeater":1,"minecraft:red_candle":1,"minecraft:dark_oak_slab":1,"minecraft:mud":1,"paraglider:horned_statue":1,"minecraft:wheat":15,"minecraft:stone_brick_stairs":2,"minecraft:wither_rose":1,"minecraft:yellow_stained_glass_pane":3,"minecraft:grass":745,"minecraft:oak_log":20,"minecraft:beetroots":2,"minecraft:sand":62,"minecraft:dirt":6,"minecraft:smooth_basalt":2,"minecraft:dispenser":1,"minecraft:tripwire_hook":1,"minecraft:red_mushroom_block":5,"minecraft:netherrack":90,"minecraft:deepslate":185,"minecraft:oak_leaves":5,"minecraft:infested_deepslate":3,"minecraft:dark_prismarine":5,"minecraft:deepslate_tiles":3,"minecraft:crying_obsidian":4,"minecraft:tuff":6,"minecraft:deepslate_diamond_ore":89,"enchantinginfuser:enchanting_infuser":1,"minecraft:red_stained_glass":3,"farmersdelight:wild_carrots":6,"gravestone:gravestone":10,"minecraft:glow_lichen":3,"epicsamurai:deepslate_ruby_ore":33,"minecraft:spruce_leaves":6,"minecraft:moss_block":16,"minecraft:hay_block":35,"minecraft:black_stained_glass_pane":2,"minecraft:spore_blossom":1,"minecraft:furnace":1,"minecraft:raw_gold_block":1,"minecraft:acacia_wood":2,"gamma_beasts:prehnite_ore":13,"minecraft:andesite":2,"minecraft:gold_block":4,"minecraft:mossy_stone_brick_stairs":1,"minecraft:bookshelf":20,"minecraft:shroomlight":1,"minecraft:deepslate_iron_ore":113,"minecraft:vine":1,"minecraft:stripped_oak_log":8,"minecraft:smooth_quartz_stairs":2,"minecraft:stone":140,"minecraft:smithing_table":1,"minecraft:flowering_azalea":1,"minecraft:glass_pane":8,"minecraft:brown_stained_glass_pane":4,"minecraft:dandelion":1,"minecraft:polished_granite":1,"epicsamurai:deepslate_aquamarine_ore":20,"minecraft:oak_fence":1,"minecraft:crafting_table":9,"minecraft:emerald_ore":1,"minecraft:lectern":99,"minecraft:stone_slab":2,"minecraft:tall_grass":255,"minecraft:deepslate_coal_ore":1,"minecraft:lapis_ore":4,"minecraft:deepslate_gold_ore":103,"minecraft:green_stained_glass_pane":3,"minecraft:big_dripleaf":1,"supplementaries:urn":77,"minecraft:spruce_stairs":16,"minecraft:birch_planks":9,"gamma_beasts:deepslate_prehnite_ore":84,"minecraft:coarse_dirt":3,"minecraft:sweet_berry_bush":2,"minecraft:white_carpet":4,"minecraft:spruce_log":2,"minecraft:birch_leaves":1,"minecraft:coal_ore":67,"minecraft:cyan_carpet":1,"minecraft:cobweb":38,"minecraft:stone_bricks":4,"minecraft:mossy_stone_bricks":1,"minecraft:gold_ore":9},"minecraft:crafted":{"minecraft:oak_planks":212,"epicsamurai:silver_ingot":29,"minecraft:stone":23,"securitycraft:keypad_item":2,"minecraft:bookshelf":14,"minecraft:heavy_weighted_pressure_plate":3,"gamma_beasts:prehnite_armor_chestplate":1,"minecraft:cooked_mutton":10,"securitycraft:laser_block":1,"minecraft:glass":51,"minecraft:iron_boots":1,"minecraft:chest":5,"gamma_beasts:prehnite_armor_helmet":1,"gamma_beasts:prehnite_armor_boots":1,"sophisticatedbackpacks:backpack":1,"minecraft:emerald":9,"enchantinginfuser:enchanting_infuser":1,"minecraft:crafting_table":6,"minecraft:spruce_planks":248,"securitycraft:reinforced_stone_button":23,"minecraft:wooden_pickaxe":1,"minecraft:iron_helmet":1,"minecraft:raw_gold_block":11,"sophisticatedbackpacks:advanced_feeding_upgrade":1,"minecraft:gold_block":9,"sophisticatedbackpacks:feeding_upgrade":1,"minecraft:birch_planks":44,"supplementaries:slingshot":1,"sophisticatedbackpacks:upgrade_base":2,"farmersdelight:cutting_board":2,"minecraft:iron_chestplate":1,"minecraft:diamond_pickaxe":2,"gamma_beasts:prehnite_armor_leggings":1,"sophisticatedbackpacks:diamond_backpack":1,"minecraft:stick":52,"minecraft:iron_ingot":325,"minecraft:iron_pickaxe":2,"minecraft:iron_block":13,"minecraft:gold_ingot":243,"securitycraft:universal_block_reinforcer_lvl1":1,"securitycraft:panic_button":1,"minecraft:raw_iron":18,"minecraft:stone_shovel":1,"sophisticatedbackpacks:stack_upgrade_tier_1":1,"minecraft:furnace":1,"minecraft:glass_pane":16,"minecraft:iron_hoe":1,"minecraft:stone_pickaxe":1,"sophisticatedbackpacks:stack_upgrade_tier_2":1,"minecraft:redstone_block":1,"alexsmobs:kangaroo_burger":4,"minecraft:wheat":288,"sophisticatedbackpacks:iron_backpack":1,"minecraft:cooked_beef":49,"paraglider:paraglider":1,"minecraft:diamond_sword":1,"minecraft:enchanting_table":1,"alexsmobs:cooked_kangaroo_meat":4,"minecraft:iron_sword":2,"sophisticatedbackpacks:gold_backpack":1,"minecraft:bread":99,"minecraft:air":0,"minecraft:raw_gold":180,"minecraft:iron_leggings":1,"minecraft:anvil":1}},"DataVersion":3465}