{"stats":{"minecraft:custom":{"minecraft:interact_with_smithing_table":20,"minecraft:interact_with_anvil":5,"minecraft:mob_kills":114,"minecraft:interact_with_crafting_table":29,"minecraft:open_barrel":43,"minecraft:leave_game":3,"minecraft:time_since_death":52469,"minecraft:climb_one_cm":8794,"minecraft:sprint_one_cm":169992,"minecraft:walk_one_cm":1093549,"minecraft:drop":52,"minecraft:play_time":260256,"minecraft:sneak_time":3486,"minecraft:deaths":14,"minecraft:walk_under_water_one_cm":21483,"minecraft:jump":3163,"minecraft:interact_with_blast_furnace":1,"minecraft:walk_on_water_one_cm":48611,"minecraft:total_world_time":260256,"minecraft:interact_with_furnace":68,"minecraft:interact_with_cartography_table":1,"minecraft:sleep_in_bed":1,"minecraft:time_since_rest":52521,"minecraft:damage_taken":7088,"minecraft:damage_absorbed":53,"minecraft:damage_dealt":18957,"minecraft:swim_one_cm":32563,"minecraft:fly_one_cm":107302,"minecraft:open_chest":101,"minecraft:crouch_one_cm":8495,"minecraft:interact_with_smoker":3,"minecraft:fall_one_cm":43716},"minecraft:mined":{"minecraft:large_amethyst_bud":2,"minecraft:tuff":5,"minecraft:candle_cake":1,"minecraft:mossy_cobblestone":6,"epicsamurai:deepslate_onyx_ore":7,"minecraft:deepslate_diamond_ore":47,"minecraft:jungle_leaves":25,"minecraft:brewing_stand":2,"minecraft:cave_vines_plant":54,"minecraft:glow_lichen":2,"gravestone:gravestone":13,"minecraft:granite":5,"minecraft:stone_brick_wall":2,"minecraft:acacia_log":9,"minecraft:grass_block":46,"minecraft:jungle_planks":29,"minecraft:mangrove_fence":23,"minecraft:jungle_log":147,"minecraft:mangrove_trapdoor":1,"minecraft:moss_block":66,"minecraft:spawner":11,"epicsamurai:deepslate_jade_ore":10,"minecraft:glowstone":2,"minecraft:furnace":1,"minecraft:jungle_sapling":1,"minecraft:raw_gold_block":24,"minecraft:iron_ore":74,"gamma_beasts:prehnite_ore":4,"minecraft:andesite":9,"minecraft:fletching_table":2,"minecraft:stripped_spruce_log":6,"minecraft:moss_carpet":3,"minecraft:deepslate_lapis_ore":15,"minecraft:anvil":4,"minecraft:big_dripleaf_stem":1,"minecraft:flowering_azalea_leaves":1,"minecraft:lantern":1,"minecraft:cave_vines":132,"minecraft:deepslate_iron_ore":34,"minecraft:vine":29,"minecraft:small_amethyst_bud":2,"epicsamurai:deepslate_silver_ore":61,"minecraft:azalea_leaves":3,"minecraft:azalea":5,"minecraft:stone":132,"minecraft:orange_glazed_terracotta":1,"minecraft:smithing_table":1,"minecraft:deepslate_redstone_ore":10,"minecraft:mangrove_stairs":1,"minecraft:acacia_leaves":32,"epicsamurai:jade_ore":2,"minecraft:red_bed":4,"minecraft:smoker":1,"minecraft:amethyst_cluster":1,"epicsamurai:deepslate_aquamarine_ore":17,"minecraft:clay":11,"minecraft:crafting_table":3,"minecraft:torch":3,"minecraft:blast_furnace":1,"minecraft:melon":12,"minecraft:calcite":2,"minecraft:chest":1,"minecraft:campfire":1,"minecraft:mangrove_fence_gate":4,"minecraft:copper_ore":20,"minecraft:tall_grass":31,"minecraft:cobblestone":6,"minecraft:oak_planks":18,"minecraft:deepslate_gold_ore":28,"minecraft:damaged_anvil":2,"minecraft:wall_torch":4,"minecraft:amethyst_block":5,"minecraft:big_dripleaf":2,"minecraft:skeleton_skull":5,"supplementaries:urn":71,"gamma_beasts:deepslate_prehnite_ore":41,"minecraft:chain":1,"minecraft:mud":1,"epicsamurai:aquamarine_ore":1,"minecraft:magenta_bed":2,"minecraft:gray_bed":1,"minecraft:jukebox":1,"minecraft:red_wall_banner":5,"minecraft:grass":38,"minecraft:oak_log":70,"minecraft:coal_ore":82,"minecraft:sand":2,"minecraft:dirt":3,"minecraft:mangrove_log":7,"minecraft:smooth_basalt":5,"minecraft:acacia_planks":15,"minecraft:stone_bricks":2,"minecraft:small_dripleaf":3,"minecraft:oak_leaves":134,"minecraft:deepslate":72,"minecraft:fern":5},"minecraft:broken":{"minecraft:stone_sword":1,"minecraft:iron_boots":1,"minecraft:iron_leggings":1,"minecraft:iron_pickaxe":1,"minecraft:iron_helmet":1},"minecraft:crafted":{"minecraft:oak_planks":176,"minecraft:furnace":5,"minecraft:cooked_mutton":3,"minecraft:iron_boots":2,"minecraft:iron_axe":2,"minecraft:ladder":9,"minecraft:stone_pickaxe":1,"minecraft:chest":2,"minecraft:jungle_stairs":4,"minecraft:crafting_table":2,"minecraft:wooden_pickaxe":1,"minecraft:iron_helmet":2,"alexsmobs:cooked_kangaroo_meat":2,"minecraft:iron_sword":1,"minecraft:cooked_salmon":2,"minecraft:copper_ingot":48,"minecraft:bucket":2,"minecraft:bread":8,"minecraft:stone_axe":1,"minecraft:jungle_planks":256,"minecraft:air":0,"minecraft:iron_chestplate":2,"minecraft:stick":44,"minecraft:iron_ingot":77,"minecraft:iron_pickaxe":2,"minecraft:wooden_axe":1,"minecraft:iron_block":1,"minecraft:stone_sword":1,"minecraft:iron_leggings":2,"minecraft:acacia_planks":24,"minecraft:torch":62},"minecraft:used":{"minecraft:moss_block":48,"minecraft:stone_sword":110,"minecraft:tropical_fish":4,"minecraft:ladder":8,"minecraft:chest":2,"minecraft:iron_sword":192,"minecraft:cooked_salmon":2,"minecraft:rotten_flesh":3,"minecraft:torch":119,"minecraft:dirt":7,"minecraft:anvil":2,"minecraft:jungle_planks":138,"alexsmobs:cooked_kangaroo_meat":2,"minecraft:carrot":2,"minecraft:granite":2,"minecraft:wooden_axe":17,"minecraft:lava_bucket":86,"minecraft:iron_axe":142,"minecraft:jungle_log":48,"minecraft:smooth_basalt":3,"minecraft:bow":2,"minecraft:oak_sapling":10,"minecraft:furnace":6,"minecraft:skeleton_skull":1,"minecraft:acacia_planks":36,"minecraft:cobbled_deepslate":33,"minecraft:cooked_mutton":3,"minecraft:damaged_anvil":1,"minecraft:stone_pickaxe":106,"minecraft:oak_planks":128,"minecraft:wooden_pickaxe":21,"minecraft:diamond_axe":349,"minecraft:fletching_table":1,"minecraft:golden_apple":3,"minecraft:glow_berries":273,"minecraft:crafting_table":4,"minecraft:red_bed":3,"minecraft:oak_log":8,"minecraft:diamond_pickaxe":248,"minecraft:diamond_shovel":49,"minecraft:melon_slice":2,"minecraft:iron_pickaxe":455,"minecraft:stone_axe":28,"minecraft:cobblestone":70,"minecraft:bucket":88,"alexsmobs:animal_dictionary":1},"minecraft:picked_up":{"minecraft:mud":1,"minecraft:cocoa_beans":30,"minecraft:charcoal":2,"minecraft:crafting_table":3,"minecraft:clay_ball":40,"minecraft:anvil":3,"minecraft:stone_brick_wall":2,"minecraft:chain":1,"gravestone:obituary":1,"minecraft:brewing_stand":2,"minecraft:amethyst_block":2,"minecraft:raw_copper":72,"minecraft:string":2,"minecraft:red_bed":4,"minecraft:moss_carpet":7,"artifacts:feral_claws":1,"epicsamurai:jade":12,"supplementaries:bomb":3,"minecraft:candle":1,"minecraft:gold_nugget":66,"minecraft:cobbled_deepslate":63,"minecraft:calcite":2,"minecraft:jungle_sapling":6,"minecraft:azalea":6,"minecraft:melon_slice":60,"minecraft:chest":1,"minecraft:mangrove_log":7,"minecraft:furnace":1,"minecraft:iron_boots":1,"minecraft:stick":21,"minecraft:raw_iron":106,"minecraft:raw_gold_block":23,"minecraft:jukebox":1,"minecraft:big_dripleaf":9,"minecraft:torch":61,"minecraft:acacia_log":6,"minecraft:carrot":1,"minecraft:redstone":47,"minecraft:mangrove_stairs":1,"minecraft:arrow":73,"minecraft:rotten_flesh":24,"minecraft:tropical_fish":4,"supplementaries:antique_ink":9,"gamma_beasts:coal_nugget":29,"artifacts:pocket_piston":1,"supplementaries:ash":48,"minecraft:glow_berries":167,"minecraft:mutton":3,"minecraft:skeleton_skull":4,"alexsmobs:kangaroo_meat":2,"minecraft:white_wool":2,"minecraft:cobblestone":136,"minecraft:glow_ink_sac":6,"minecraft:andesite":9,"minecraft:salmon":2,"minecraft:jungle_log":138,"alexsmobs:acacia_blossom":1,"minecraft:smoker":1,"gamma_beasts:prehnite":45,"paraglider:spirit_orb":14,"minecraft:tuff":4,"minecraft:oak_log":66,"supplementaries:flax_seeds":18,"minecraft:magenta_bed":1,"minecraft:lantern":1,"minecraft:lapis_lazuli":88,"minecraft:dirt":91,"minecraft:mangrove_fence":23,"minecraft:bone":120,"minecraft:acacia_planks":15,"minecraft:apple":1,"minecraft:stone_bricks":1,"minecraft:bow":1,"minecraft:wheat_seeds":19,"minecraft:raw_gold":28,"minecraft:iron_ingot":8,"minecraft:glowstone_dust":3,"minecraft:mangrove_fence_gate":3,"minecraft:oak_planks":17,"minecraft:fletching_table":2,"artifacts:steadfast_spikes":1,"minecraft:acacia_sapling":8,"minecraft:flowering_azalea":1,"minecraft:moss_block":55,"epicsamurai:aquamarine":18,"minecraft:gray_bed":1,"epicsamurai:raw_silver":55,"epicsamurai:onyx":7,"minecraft:smooth_basalt":5,"minecraft:red_banner":8,"minecraft:sand":2,"minecraft:jungle_planks":29,"minecraft:amethyst_shard":12,"minecraft:stripped_spruce_log":5,"minecraft:blast_furnace":1,"alexsmobs:kangaroo_hide":2,"minecraft:diamond":47,"minecraft:iron_helmet":1,"minecraft:granite":5,"minecraft:bone_meal":1,"minecraft:emerald":32,"minecraft:oak_sapling":16,"minecraft:damaged_anvil":3,"minecraft:coal":82},"minecraft:killed":{"minecraft:witch":1,"minecraft:spider":5,"minecraft:skeleton":47,"minecraft:axolotl":2,"alexsmobs:centipede_head":1,"minecraft:tropical_fish":4,"alexsmobs:kangaroo":1,"artifacts:mimic":3,"minecraft:salmon":2,"minecraft:bat":1,"alexsmobs:rhinoceros":1,"minecraft:sheep":2,"minecraft:pillager":1,"minecraft:zombie":21,"alexsmobs:terrapin":1,"alexsmobs:fly":1},"minecraft:dropped":{"minecraft:iron_ingot":4,"minecraft:moss_block":3,"minecraft:wheat_seeds":19,"epicsamurai:raw_silver":1,"minecraft:golden_pickaxe":2,"minecraft:amethyst_block":2,"minecraft:stick":6,"minecraft:dirt":84,"minecraft:flowering_azalea":1,"minecraft:jungle_sapling":5,"gravestone:obituary":1,"minecraft:amethyst_shard":4,"minecraft:mud":1,"minecraft:smooth_basalt":2,"minecraft:bone":5,"minecraft:moss_carpet":7,"alexsmobs:acacia_blossom":1,"minecraft:rotten_flesh":5,"minecraft:clay_ball":12,"minecraft:smoker":1,"minecraft:damaged_anvil":2,"minecraft:big_dripleaf":9,"supplementaries:flax_seeds":9,"minecraft:charcoal":4,"minecraft:acacia_sapling":3,"minecraft:oak_sapling":6,"minecraft:chainmail_boots":1,"minecraft:bow":1}},"DataVersion":3465}