{"stats":{"minecraft:custom":{"minecraft:mob_kills":30,"minecraft:interact_with_crafting_table":10,"minecraft:open_barrel":13,"minecraft:damage_dealt_resisted":256,"minecraft:eat_cake_slice":11,"minecraft:leave_game":3,"minecraft:time_since_death":595,"minecraft:climb_one_cm":30985,"minecraft:damage_resisted":72,"minecraft:sprint_one_cm":206151,"minecraft:walk_one_cm":195454,"minecraft:drop":65,"minecraft:play_time":96259,"minecraft:sneak_time":1355,"minecraft:deaths":5,"minecraft:walk_under_water_one_cm":12054,"minecraft:jump":1580,"minecraft:interact_with_blast_furnace":4,"minecraft:walk_on_water_one_cm":15784,"minecraft:total_world_time":96259,"minecraft:interact_with_furnace":1,"minecraft:interact_with_cartography_table":1,"minecraft:sleep_in_bed":3,"minecraft:time_since_rest":620,"minecraft:damage_taken":6874,"minecraft:damage_dealt":10898,"minecraft:swim_one_cm":56538,"minecraft:fly_one_cm":350523,"minecraft:open_chest":16,"minecraft:crouch_one_cm":1099,"minecraft:fall_one_cm":73239},"minecraft:mined":{"minecraft:dark_oak_planks":3,"minecraft:dark_prismarine_stairs":1,"minecraft:spruce_planks":15,"minecraft:prismarine_wall":1,"minecraft:mossy_cobblestone":1,"minecraft:stripped_mangrove_log":6,"alexsmobs:leafcutter_anthill":2,"minecraft:jungle_leaves":6,"minecraft:red_nether_bricks":5,"minecraft:brewing_stand":1,"gravestone:gravestone":5,"minecraft:grass_block":2,"minecraft:stone_brick_wall":4,"minecraft:jungle_log":1,"minecraft:deepslate_bricks":1,"minecraft:spawner":4,"minecraft:hay_block":7,"minecraft:raw_gold_block":5,"minecraft:dark_oak_stairs":1,"minecraft:polished_deepslate":2,"minecraft:vine":2,"amendments:wall_lantern":1,"minecraft:deepslate_brick_stairs":1,"minecraft:smooth_quartz_stairs":2,"minecraft:stone":2,"minecraft:stripped_mangrove_wood":5,"minecraft:waxed_cut_copper_stairs":2,"minecraft:mangrove_stairs":1,"minecraft:brown_stained_glass_pane":1,"minecraft:soul_lantern":2,"minecraft:crafting_table":3,"minecraft:torch":2,"minecraft:calcite":8,"minecraft:poppy":2,"epicsamurai:komainu_statue":1,"minecraft:cobblestone":3,"minecraft:oak_planks":2,"minecraft:cyan_bed":1,"minecraft:diorite":1,"minecraft:wall_torch":2,"epicsamurai:polished_spirit_stone":1,"minecraft:coarse_dirt":1,"minecraft:white_carpet":6,"minecraft:stone_brick_stairs":1,"minecraft:red_wall_banner":1,"minecraft:grass":5,"minecraft:mangrove_slab":1,"minecraft:oak_log":4,"minecraft:gravel":3,"minecraft:cobweb":4,"minecraft:cracked_stone_bricks":2,"minecraft:stone_bricks":12,"minecraft:mossy_stone_bricks":7,"minecraft:oak_leaves":12,"minecraft:cyan_candle":2,"minecraft:fern":1},"minecraft:broken":{"minecraft:stone_sword":1,"minecraft:leather_leggings":1,"farmersdelight:golden_knife":1,"minecraft:iron_sword":1,"minecraft:wooden_axe":2},"minecraft:crafted":{"wardrobe:cake_hat_helmet":1,"minecraft:oak_planks":16,"minecraft:chest":1,"minecraft:wheat":63,"minecraft:golden_axe":1,"sophisticatedbackpacks:backpack":1,"minecraft:crafting_table":3,"minecraft:spruce_planks":36,"minecraft:wooden_pickaxe":1,"minecraft:iron_sword":1,"minecraft:mangrove_planks":40,"minecraft:birch_planks":48,"minecraft:bread":21,"minecraft:jungle_planks":16,"securitycraft:dirt_mine":1,"farmersdelight:golden_knife":1,"minecraft:stick":16,"minecraft:iron_pickaxe":1,"minecraft:wooden_axe":2,"minecraft:stone_sword":1},"minecraft:used":{"minecraft:stone_sword":131,"epicsamurai:polished_spirit_stone":1,"minecraft:spruce_planks":45,"minecraft:iron_sword":252,"mynethersdelight:cooked_loin":4,"minecraft:torch":18,"minecraft:chainmail_chestplate":1,"minecraft:diamond_helmet":1,"minecraft:wooden_axe":62,"minecraft:lantern":1,"minecraft:iron_helmet":1,"minecraft:stone_bricks":3,"securitycraft:dirt_mine":1,"minecraft:cooked_beef":6,"minecraft:golden_axe":5,"minecraft:leather_leggings":2,"minecraft:red_nether_bricks":3,"minecraft:birch_planks":46,"farmersdelight:golden_knife":36,"minecraft:mangrove_planks":22,"minecraft:stone_pickaxe":45,"minecraft:wooden_pickaxe":35,"minecraft:mossy_cobblestone":1,"minecraft:crafting_table":5,"minecraft:stone_brick_wall":2,"minecraft:apple":16,"minecraft:bread":38,"minecraft:iron_pickaxe":33,"minecraft:soul_lantern":2,"minecraft:cobblestone":2,"minecraft:chainmail_boots":1,"alexsmobs:animal_dictionary":1},"minecraft:picked_up":{"epicsamurai:cloth":1,"minecraft:crafting_table":3,"minecraft:cocoa_beans":3,"minecraft:coarse_dirt":1,"minecraft:leather_leggings":1,"minecraft:stone_brick_wall":6,"minecraft:enchanted_book":1,"minecraft:stone_brick_stairs":1,"minecraft:brewing_stand":1,"minecraft:stripped_mangrove_log":6,"minecraft:polished_deepslate":2,"minecraft:string":4,"minecraft:red_nether_bricks":3,"minecraft:white_carpet":6,"minecraft:cracked_stone_bricks":2,"mynethersdelight:cooked_loin":5,"minecraft:spruce_planks":15,"minecraft:beef":6,"minecraft:calcite":6,"minecraft:poppy":2,"minecraft:stick":8,"minecraft:stripped_mangrove_wood":5,"minecraft:raw_gold_block":5,"minecraft:torch":18,"minecraft:diorite":1,"minecraft:dark_oak_planks":3,"minecraft:waxed_cut_copper_stairs":2,"minecraft:rotten_flesh":3,"minecraft:arrow":3,"minecraft:mangrove_stairs":1,"minecraft:beetroot_seeds":4,"minecraft:deepslate_bricks":1,"minecraft:hay_block":7,"supplementaries:ash":1,"minecraft:deepslate_brick_stairs":1,"minecraft:mutton":2,"minecraft:cobblestone":5,"minecraft:white_wool":2,"minecraft:birch_log":12,"minecraft:jungle_log":4,"minecraft:leather":5,"paraglider:spirit_orb":6,"minecraft:flint":1,"minecraft:oak_log":23,"epicsamurai:polished_spirit_stone":1,"minecraft:mangrove_slab":1,"minecraft:dirt":2,"minecraft:lantern":1,"minecraft:bone":5,"minecraft:apple":1,"minecraft:stone_bricks":15,"minecraft:dark_oak_sign":1,"minecraft:mossy_stone_bricks":10,"minecraft:cyan_candle":6,"minecraft:oak_planks":1,"minecraft:dark_oak_stairs":1,"securitycraft:mine":1,"minecraft:gravel":3,"epicsamurai:tanuki_statue":1,"minecraft:red_banner":1,"minecraft:spruce_log":9,"minecraft:cyan_bed":1,"minecraft:mossy_cobblestone":1,"minecraft:prismarine_wall":1,"minecraft:soul_lantern":2,"minecraft:iron_helmet":1,"epicsamurai:komainu_statue":4,"minecraft:oak_sapling":4},"minecraft:killed":{"minecraft:skeleton":4,"minecraft:husk":19,"minecraft:sheep":2,"epicsamurai:komainu":1,"minecraft:cow":3},"minecraft:dropped":{"minecraft:stripped_mangrove_log":1,"minecraft:dark_oak_stairs":1,"minecraft:iron_helmet":2,"minecraft:cobblestone":1,"minecraft:leather":1,"minecraft:mangrove_planks":16,"minecraft:cracked_stone_bricks":2,"minecraft:coal":1,"minecraft:stick":1,"minecraft:flint":1,"minecraft:dirt":1,"epicsamurai:komainu_statue":2,"minecraft:deepslate_brick_stairs":1,"minecraft:diorite":1,"minecraft:mutton":2,"minecraft:mangrove_stairs":1,"minecraft:cyan_candle":6,"minecraft:mangrove_slab":1,"minecraft:white_wool":2,"minecraft:bone":5,"minecraft:gravel":3,"minecraft:waxed_cut_copper_stairs":2,"minecraft:coarse_dirt":1,"minecraft:dark_oak_sign":1,"minecraft:cocoa_beans":3,"minecraft:rotten_flesh":2,"minecraft:oak_planks":2,"minecraft:deepslate_bricks":1,"supplementaries:ash":1,"minecraft:spruce_planks":3,"minecraft:beetroot_seeds":4,"minecraft:mossy_stone_bricks":6,"minecraft:stone_brick_wall":2,"minecraft:stone_bricks":6,"minecraft:beef":6,"minecraft:calcite":1,"minecraft:stone_brick_stairs":1}},"DataVersion":3465}