{"stats":{"minecraft:dropped":{"minecraft:cactus":74,"gamma_beasts:coconut":64,"gamma_beasts:cherry":64,"gamma_beasts:golden_berries":64,"gamma_beasts:green_apple":64},"minecraft:killed":{"gamma_beasts:banndu_a":2,"gamma_beasts:banndu_c":1},"minecraft:mined":{"minecraft:grass":6},"minecraft:picked_up":{"gamma_beasts:cherry":64,"minecraft:cactus":74,"gamma_beasts:fur":3,"gamma_beasts:meat":2,"minecraft:wheat_seeds":2,"gamma_beasts:coconut":64,"gamma_beasts:green_apple":64,"gamma_beasts:golden_berries":64},"minecraft:custom":{"minecraft:time_since_rest":14798,"minecraft:crouch_one_cm":1553,"minecraft:play_time":14798,"minecraft:sprint_one_cm":11776,"minecraft:walk_one_cm":13118,"minecraft:sneak_time":641,"minecraft:mob_kills":4,"minecraft:drop":15,"minecraft:jump":94,"minecraft:damage_dealt":2048,"minecraft:leave_game":1,"minecraft:time_since_death":14798,"minecraft:total_world_time":14798,"minecraft:fall_one_cm":894,"minecraft:fly_one_cm":43948},"minecraft:used":{"minecraft:netherite_sword":23,"minecraft:diamond_sword":25}},"DataVersion":3465}