{"stats":{"minecraft:picked_up":{"minecraft:dirt":2},"minecraft:custom":{"minecraft:jump":125,"minecraft:time_since_rest":26065,"minecraft:leave_game":1,"minecraft:crouch_one_cm":102,"minecraft:play_time":26065,"minecraft:sprint_one_cm":19271,"minecraft:damage_taken":125,"minecraft:time_since_death":26065,"minecraft:walk_one_cm":2022,"minecraft:sneak_time":44,"minecraft:total_world_time":26065,"minecraft:fall_one_cm":2226,"minecraft:fly_one_cm":82572},"minecraft:used":{"minecraft:dirt":2},"minecraft:mined":{"minecraft:grass":1,"minecraft:grass_block":1,"minecraft:dirt":1}},"DataVersion":3465}