{"stats":{"minecraft:custom":{"minecraft:time_since_rest":15801,"minecraft:sprint_one_cm":29125,"minecraft:walk_one_cm":42159,"minecraft:damage_taken":279,"minecraft:mob_kills":20,"minecraft:drop":20,"minecraft:damage_dealt":4419,"minecraft:fly_one_cm":129033,"minecraft:crouch_one_cm":1855,"minecraft:play_time":36439,"minecraft:deaths":1,"minecraft:sneak_time":946,"minecraft:jump":406,"minecraft:leave_game":4,"minecraft:walk_on_water_one_cm":331,"minecraft:time_since_death":15774,"minecraft:total_world_time":36439,"minecraft:fall_one_cm":7818},"minecraft:killed":{"minecraft:skeleton":4,"gamma_beasts:banndu_c":2,"gamma_beasts:banndu_a":2,"minecraft:zombie":3},"minecraft:picked_up":{"gamma_beasts:cherry":64,"gamma_beasts:fur":10,"gamma_beasts:coconut":64,"gamma_beasts:green_apple":64,"minecraft:dirt":5,"minecraft:string":1,"minecraft:bone":4,"minecraft:cactus":74,"minecraft:arrow":6,"minecraft:rotten_flesh":1,"minecraft:wheat_seeds":2,"gamma_beasts:meat":4,"gamma_beasts:golden_berries":64,"minecraft:acacia_sapling":2,"minecraft:egg":1},"minecraft:dropped":{"gamma_beasts:cherry":64,"minecraft:acacia_sapling":2,"gamma_beasts:kiwi":64,"minecraft:cactus":74,"minecraft:string":1,"gamma_beasts:coconut":64,"gamma_beasts:green_apple":64,"gamma_beasts:golden_berries":64,"minecraft:egg":1},"minecraft:used":{"securitycraft:stone_mine":1,"minecraft:netherite_sword":23,"moonsweaponry:netherite_spear":44,"minecraft:zombie_spawn_egg":1,"gamma_beasts:thin_acacia_log":1,"minecraft:diamond_sword":25,"minecraft:acacia_sapling":3},"minecraft:mined":{"minecraft:grass":6}},"DataVersion":3465}