{"stats":{"minecraft:dropped":{"minecraft:netherite_sword":2},"minecraft:custom":{"minecraft:jump":256,"minecraft:time_since_rest":12110,"minecraft:damage_taken":50,"minecraft:crouch_one_cm":359,"minecraft:leave_game":2,"minecraft:play_time":12110,"minecraft:sprint_one_cm":28177,"minecraft:time_since_death":12110,"minecraft:walk_on_water_one_cm":990,"minecraft:walk_one_cm":10689,"minecraft:sneak_time":211,"minecraft:total_world_time":12110,"minecraft:drop":2,"minecraft:fall_one_cm":2494,"minecraft:fly_one_cm":85447},"minecraft:picked_up":{"minecraft:netherite_sword":2}},"DataVersion":3465}