{"stats":{"minecraft:mined":{"minecraft:grass":1,"minecraft:grass_block":1,"minecraft:dirt":1},"minecraft:picked_up":{"minecraft:dirt":2},"minecraft:used":{"minecraft:dirt":2},"minecraft:custom":{"minecraft:jump":70,"minecraft:time_since_rest":10565,"minecraft:crouch_one_cm":102,"minecraft:sprint_one_cm":9987,"minecraft:play_time":10565,"minecraft:damage_taken":125,"minecraft:time_since_death":10565,"minecraft:walk_one_cm":1172,"minecraft:sneak_time":18,"minecraft:total_world_time":10565,"minecraft:fall_one_cm":2226,"minecraft:fly_one_cm":13531}},"DataVersion":3465}