{"stats":{"minecraft:used":{"another_furniture:black_tall_stool":1,"another_furniture:red_sofa":1,"another_furniture:warped_table":1,"another_furniture:birch_shutter":1,"another_furniture:acacia_chair":1},"minecraft:custom":{"minecraft:jump":79,"minecraft:time_since_rest":26942,"minecraft:crouch_one_cm":253,"minecraft:leave_game":3,"minecraft:play_time":26942,"minecraft:sprint_one_cm":13080,"minecraft:time_since_death":26942,"minecraft:walk_one_cm":4777,"minecraft:sneak_time":42,"minecraft:total_world_time":26942,"minecraft:fall_one_cm":209,"minecraft:fly_one_cm":50811}},"DataVersion":3465}