{"stats":{"minecraft:custom":{"minecraft:jump":787,"minecraft:open_chest":16,"minecraft:time_since_rest":96147,"minecraft:interact_with_loom":1,"minecraft:crouch_one_cm":743,"minecraft:leave_game":6,"minecraft:play_time":96147,"minecraft:sprint_one_cm":90841,"minecraft:time_since_death":96147,"minecraft:walk_on_water_one_cm":6589,"minecraft:walk_one_cm":19355,"minecraft:sneak_time":1534,"minecraft:climb_one_cm":1972,"minecraft:total_world_time":96147,"minecraft:walk_under_water_one_cm":16296,"minecraft:swim_one_cm":24009,"minecraft:talked_to_villager":1,"minecraft:fall_one_cm":209,"minecraft:fly_one_cm":1000654},"minecraft:used":{"minecraft:decorated_pot":4,"minecraft:map":1,"alexsmobs:animal_dictionary":1},"minecraft:picked_up":{"minecraft:decorated_pot":4},"minecraft:mined":{"minecraft:decorated_pot":4}},"DataVersion":3465}