{"stats":{"minecraft:broken":{"minecraft:stone_pickaxe":1,"minecraft:stone_hoe":1,"minecraft:iron_axe":1},"minecraft:picked_up":{"gamma_beasts:thin_oak_log":2,"minecraft:iron_chestplate":1,"minecraft:wheat":10,"minecraft:anvil":1,"gamma_beasts:fur":8,"minecraft:enchanted_book":2,"paraglider:goddess_statue":8,"minecraft:string":24,"minecraft:iron_leggings":1,"alexsmobs:banana":3,"minecraft:gold_nugget":28,"minecraft:cobbled_deepslate":1,"mynethersdelight:cooked_loin":5,"minecraft:furnace":4,"minecraft:iron_boots":2,"minecraft:stick":37,"minecraft:sheaf_pottery_sherd":1,"minecraft:torch":19,"minecraft:green_bed":4,"minecraft:spruce_stairs":1,"minecraft:porkchop":5,"minecraft:pointed_dripstone":1,"minecraft:rotten_flesh":39,"minecraft:tropical_fish":4,"supplementaries:antique_ink":1,"farmersdelight:rope":7,"gamma_beasts:coal_nugget":20,"minecraft:end_rod":1,"supplementaries:ash":42,"minecraft:obsidian":5,"minecraft:cobblestone":116,"minecraft:enchanting_table":4,"minecraft:feather":2,"minecraft:cooked_beef":4,"minecraft:repeater":30,"minecraft:andesite":65,"minecraft:jungle_log":228,"minecraft:smoker":1,"gamma_beasts:prehnite":20,"minecraft:potato":211,"alexsmobs:bison_fur":2,"alexsmobs:bear_fur":1,"paraglider:spirit_orb":16,"minecraft:tuff":2,"gamma_beasts:oak_leaf":13,"supplementaries:flax_seeds":2,"alexsmobs:rocky_shell":1,"securitycraft:reinforced_ladder":3,"minecraft:dirt":122,"minecraft:lantern":5,"minecraft:leather_boots":1,"securitycraft:reinforced_stone_button":1,"minecraft:hanging_roots":4,"minecraft:bone":67,"minecraft:bow":4,"minecraft:wheat_seeds":30,"minecraft:moss_block":35,"epicsamurai:raw_silver":15,"minecraft:oak_planks":1,"minecraft:music_disc_13":1,"artifacts:rooted_boots":1,"mynethersdelight:hoglin_loin":15,"minecraft:jungle_planks":203,"minecraft:sand":64,"minecraft:stripped_spruce_log":1,"securitycraft:reinforced_stone":23,"minecraft:jungle_slab":20,"minecraft:dark_prismarine":3,"minecraft:diamond":4,"minecraft:angler_pottery_sherd":1,"minecraft:crossbow":2,"epicsamurai:jorogumo_eye":2,"minecraft:golden_apple":1,"minecraft:spruce_sign":9,"minecraft:emerald":11,"minecraft:bread":33,"minecraft:rooted_dirt":4,"minecraft:oak_sapling":18,"minecraft:coarse_dirt":25,"minecraft:shelter_pottery_sherd":1,"minecraft:crafting_table":5,"minecraft:chicken":1,"minecraft:ladder":5,"minecraft:redstone_lamp":32,"minecraft:chain":6,"minecraft:heavy_weighted_pressure_plate":2,"minecraft:moss_carpet":41,"epicsamurai:jade":1,"supplementaries:bomb":5,"minecraft:beef":6,"minecraft:oak_boat":2,"minecraft:jungle_sapling":8,"minecraft:chest":6,"minecraft:phantom_membrane":2,"minecraft:raw_iron":61,"sophisticatedbackpacks:backpack":1,"minecraft:redstone":59,"minecraft:arrow":55,"minecraft:pumpkin_pie":10,"minecraft:decorated_pot":2,"minecraft:jungle_stairs":77,"artifacts:snowshoes":1,"minecraft:mutton":6,"alexsmobs:kangaroo_meat":1,"minecraft:white_wool":3,"minecraft:dark_oak_button":1,"minecraft:glow_ink_sac":31,"minecraft:leather":19,"minecraft:jungle_fence":1,"minecraft:acacia_wood":1,"gamma_beasts:green_apple":12,"minecraft:oak_log":20,"minecraft:gunpowder":13,"minecraft:cobblestone_wall":1,"minecraft:apple":3,"gamma_beasts:meat":2,"minecraft:spore_blossom":1,"epicsamurai:katana":1,"minecraft:black_candle":1,"minecraft:pitcher_plant":1,"minecraft:spruce_sapling":5,"minecraft:blast_furnace":2,"minecraft:spruce_log":5,"minecraft:spider_eye":2,"minecraft:stripped_jungle_log":1,"minecraft:slime_ball":4,"minecraft:snort_pottery_sherd":1,"minecraft:painting":1,"minecraft:gray_wool":6,"minecraft:baked_potato":7,"securitycraft:door_indestructible_iron_item":1,"minecraft:coal":87},"minecraft:custom":{"minecraft:interact_with_crafting_table":87,"minecraft:open_barrel":114,"minecraft:bell_ring":9,"minecraft:eat_cake_slice":2,"minecraft:leave_game":9,"minecraft:time_since_death":465873,"minecraft:sprint_one_cm":1410818,"minecraft:drop":34,"minecraft:talked_to_villager":1,"minecraft:play_time":565893,"minecraft:deaths":2,"minecraft:jump":7979,"minecraft:walk_on_water_one_cm":32358,"minecraft:enchant_item":2,"minecraft:interact_with_furnace":98,"minecraft:sleep_in_bed":2,"minecraft:damage_dealt":38472,"minecraft:crouch_one_cm":133385,"minecraft:interact_with_smoker":14,"minecraft:mob_kills":162,"minecraft:interact_with_anvil":7,"minecraft:damage_dealt_resisted":315,"minecraft:climb_one_cm":103917,"minecraft:walk_one_cm":859050,"minecraft:damage_dealt_absorbed":279,"minecraft:sneak_time":41673,"minecraft:walk_under_water_one_cm":85706,"minecraft:boat_one_cm":25110,"minecraft:interact_with_blast_furnace":18,"minecraft:total_world_time":565893,"minecraft:tune_noteblock":18,"minecraft:time_since_rest":465897,"minecraft:damage_taken":12807,"minecraft:damage_absorbed":242,"minecraft:swim_one_cm":103317,"minecraft:fly_one_cm":1317312,"minecraft:open_chest":190,"minecraft:fall_one_cm":323542},"minecraft:killed":{"minecraft:spider":8,"gamma_beasts:radioactive_bear_a":1,"minecraft:skeleton":54,"minecraft:chicken":1,"alexsmobs:kangaroo":1,"artifacts:mimic":1,"epicsamurai:enenra":1,"minecraft:pig":3,"alexsmobs:grizzly_bear":2,"epicsamurai:jorogumo":1,"minecraft:creeper":11,"gamma_beasts:radioactive_bear_c":1,"minecraft:sheep":3,"minecraft:pillager":11,"minecraft:zombie":34,"minecraft:slime":1,"minecraft:phantom":5,"alexsmobs:bison":1,"alexsmobs:rocky_roller":1,"minecraft:husk":6,"minecraft:hoglin":5,"alexsmobs:cockroach":1,"minecraft:wither_skeleton":6,"minecraft:enderman":1},"minecraft:crafted":{"minecraft:smooth_stone":4,"minecraft:oak_planks":76,"epicsamurai:diamond_ninja_boots":1,"minecraft:cooked_chicken":1,"minecraft:chain":18,"minecraft:stone":34,"securitycraft:keypad_item":3,"minecraft:bookshelf":10,"minecraft:heavy_weighted_pressure_plate":8,"gamma_beasts:prehnite_armor_chestplate":1,"securitycraft:laser_block":1,"minecraft:glass":64,"minecraft:iron_boots":1,"minecraft:chest":22,"minecraft:iron_door":3,"gamma_beasts:prehnite_armor_helmet":1,"minecraft:jungle_stairs":76,"minecraft:stone_hoe":1,"epicsamurai:diamond_ninja_chestplate":1,"gamma_beasts:cooked_meat":2,"sophisticatedbackpacks:backpack":1,"minecraft:crafting_table":4,"securitycraft:reinforced_stone_button":23,"minecraft:wooden_pickaxe":1,"minecraft:baked_potato":91,"minecraft:iron_chestplate":1,"minecraft:charcoal":1,"gamma_beasts:prehnite_armor_leggings":1,"minecraft:stick":24,"minecraft:iron_ingot":92,"minecraft:iron_pickaxe":1,"minecraft:iron_block":3,"minecraft:stone_sword":1,"epicsamurai:diamond_samurai_helmet_light":1,"securitycraft:universal_block_reinforcer_lvl1":1,"epicsamurai:katana":1,"minecraft:raw_iron":9,"minecraft:iron_nugget":36,"epicsamurai:straw_hat":1,"minecraft:stone_button":1,"minecraft:furnace":5,"minecraft:blast_furnace":1,"minecraft:bone_meal":129,"minecraft:glass_pane":48,"minecraft:iron_axe":3,"minecraft:ladder":3,"minecraft:stone_pickaxe":2,"minecraft:redstone_block":1,"sophisticatedbackpacks:iron_backpack":1,"minecraft:cooked_beef":6,"epicsamurai:katana_handle":1,"mynethersdelight:cooked_loin":4,"minecraft:enchanting_table":1,"epicsamurai:diamond_samurai_leggings":1,"sophisticatedbackpacks:gold_backpack":1,"minecraft:bucket":1,"epicsamurai:cloth":12,"minecraft:stone_axe":1,"minecraft:jungle_slab":24,"minecraft:bread":3,"minecraft:air":0,"minecraft:jungle_planks":860,"minecraft:oak_boat":1,"securitycraft:door_indestructible_iron_item":1,"minecraft:white_wool":1,"minecraft:gold_nugget":9,"minecraft:iron_shovel":2,"minecraft:iron_leggings":1,"minecraft:anvil":1,"minecraft:acacia_planks":4,"epicsamurai:steel_ingot":16,"minecraft:torch":16},"minecraft:used":{"minecraft:moss_block":27,"minecraft:moss_carpet":2,"minecraft:iron_shovel":182,"minecraft:ladder":7,"minecraft:chest":26,"minecraft:decorated_pot":2,"mynethersdelight:cooked_loin":9,"minecraft:rotten_flesh":12,"gamma_beasts:thin_oak_log":2,"paraglider:goddess_statue":8,"securitycraft:keypad_item":3,"minecraft:jungle_planks":539,"minecraft:jungle_slab":44,"minecraft:obsidian":11,"minecraft:glass":45,"minecraft:lantern":3,"minecraft:bow":9,"minecraft:oak_sapling":8,"minecraft:furnace":8,"minecraft:potato":145,"minecraft:end_rod":1,"securitycraft:door_indestructible_iron_item":1,"minecraft:oak_planks":15,"minecraft:stone_pickaxe":204,"minecraft:jungle_fence":1,"minecraft:wooden_pickaxe":6,"minecraft:white_wool":1,"minecraft:golden_apple":6,"minecraft:glow_berries":48,"gamma_beasts:cooked_meat":2,"minecraft:blast_furnace":3,"securitycraft:reinforced_ladder":3,"minecraft:heavy_weighted_pressure_plate":2,"minecraft:bread":62,"minecraft:spore_blossom":1,"mynethersdelight:hoglin_loin":8,"minecraft:andesite":7,"minecraft:chain":19,"minecraft:oak_boat":2,"minecraft:coarse_dirt":25,"minecraft:bone_meal":121,"minecraft:stone_sword":54,"minecraft:enchanting_table":5,"gamma_beasts:green_apple":12,"minecraft:stone_hoe":132,"minecraft:cooked_chicken":1,"minecraft:stick":2,"minecraft:torch":22,"minecraft:dirt":75,"minecraft:anvil":2,"minecraft:spruce_stairs":1,"minecraft:cobblestone_wall":1,"farmersdelight:rope":12,"minecraft:bookshelf":11,"minecraft:iron_axe":343,"minecraft:rooted_dirt":3,"minecraft:jungle_log":4,"alexsmobs:banana":2,"minecraft:cooked_beef":10,"minecraft:acacia_planks":4,"minecraft:cobbled_deepslate":1,"minecraft:wheat_seeds":10,"minecraft:water_bucket":7,"minecraft:baked_potato":95,"minecraft:green_bed":4,"minecraft:crafting_table":9,"supplementaries:bomb":3,"minecraft:painting":1,"minecraft:smoker":1,"minecraft:dark_prismarine":3,"minecraft:diamond_pickaxe":143,"minecraft:apple":11,"minecraft:stripped_jungle_log":1,"minecraft:iron_pickaxe":32,"minecraft:jungle_stairs":150,"minecraft:stone_axe":17,"minecraft:enchanted_book":1,"epicsamurai:katana":593,"minecraft:cobblestone":15,"minecraft:bucket":7,"minecraft:black_candle":1,"minecraft:glass_pane":44,"minecraft:pumpkin_pie":16,"minecraft:gray_wool":6,"minecraft:smooth_stone":1},"minecraft:mined":{"minecraft:dark_oak_planks":1,"minecraft:spruce_planks":1,"minecraft:jungle_slab":20,"minecraft:jungle_leaves":5,"minecraft:orange_stained_glass":6,"minecraft:obsidian":5,"epicsamurai:silver_ore":15,"minecraft:grass_block":60,"minecraft:jungle_log":5,"minecraft:red_stained_glass_pane":2,"minecraft:spawner":8,"minecraft:iron_ore":61,"minecraft:moss_carpet":39,"minecraft:anvil":1,"minecraft:enchanting_table":4,"supplementaries:stick":3,"minecraft:iron_bars":2,"minecraft:green_bed":4,"supplementaries:book_pile":2,"minecraft:smoker":1,"minecraft:jungle_stairs":85,"minecraft:blast_furnace":2,"minecraft:chest":6,"minecraft:spruce_wall_sign":9,"minecraft:cobblestone":2,"minecraft:oak_planks":2,"minecraft:wall_torch":4,"minecraft:chain":6,"minecraft:repeater":32,"minecraft:wheat":10,"minecraft:pitcher_plant":1,"minecraft:grass":2,"minecraft:oak_log":7,"minecraft:sand":64,"minecraft:dirt":64,"minecraft:oak_leaves":26,"minecraft:redstone_lamp":31,"minecraft:dark_prismarine":3,"gravestone:gravestone":3,"minecraft:ladder":4,"minecraft:decorated_pot":2,"minecraft:jungle_planks":211,"minecraft:redstone_wire":28,"minecraft:spruce_leaves":7,"minecraft:moss_block":22,"minecraft:rooted_dirt":4,"minecraft:spore_blossom":1,"minecraft:furnace":4,"minecraft:heavy_weighted_pressure_plate":2,"minecraft:acacia_wood":1,"gamma_beasts:prehnite_ore":20,"minecraft:andesite":63,"minecraft:potatoes":56,"farmersdelight:rope":8,"minecraft:vine":14,"minecraft:lantern":5,"minecraft:stripped_jungle_log":1,"minecraft:stone":118,"epicsamurai:jade_ore":1,"minecraft:glass_pane":10,"minecraft:crafting_table":5,"minecraft:big_dripleaf":1,"supplementaries:urn":13,"minecraft:spruce_stairs":1,"minecraft:gray_wool":6,"minecraft:coarse_dirt":25,"minecraft:cobblestone_wall":1,"minecraft:purple_stained_glass":2,"minecraft:jungle_fence":1,"minecraft:coal_ore":51,"minecraft:dark_oak_button":1,"minecraft:end_rod":1,"minecraft:cobweb":10,"minecraft:fern":2,"paraglider:goddess_statue":8},"minecraft:dropped":{"minecraft:diamond":13,"alexsmobs:kangaroo_meat":1,"minecraft:jungle_planks":21,"minecraft:mutton":4,"gravestone:obituary":1,"minecraft:amethyst_shard":2,"minecraft:bone":2,"epicsamurai:katana":1,"supplementaries:antique_ink":1,"minecraft:jungle_log":9,"minecraft:leather_boots":1,"alexsmobs:banana":1,"minecraft:bread":1,"minecraft:enchanted_book":1,"minecraft:iron_ingot":16,"minecraft:wheat_seeds":18,"minecraft:golden_apple":1,"minecraft:iron_leggings":1,"minecraft:string":1,"minecraft:spruce_sapling":4,"minecraft:hanging_roots":4,"minecraft:iron_boots":3,"sophisticatedbackpacks:backpack":1,"minecraft:iron_chestplate":1,"minecraft:andesite":2,"minecraft:diamond_boots":1,"minecraft:slime_ball":3,"minecraft:bow":1}},"DataVersion":3465}