{"stats":{"minecraft:mined":{"minecraft:decorated_pot":4},"minecraft:custom":{"minecraft:jump":905,"minecraft:open_chest":16,"minecraft:time_since_rest":108903,"minecraft:leave_game":7,"minecraft:crouch_one_cm":762,"minecraft:play_time":108903,"minecraft:interact_with_loom":1,"minecraft:sprint_one_cm":104550,"minecraft:time_since_death":108903,"minecraft:walk_on_water_one_cm":6917,"minecraft:walk_one_cm":20714,"minecraft:sneak_time":1578,"minecraft:total_world_time":108903,"minecraft:climb_one_cm":2268,"minecraft:walk_under_water_one_cm":16296,"minecraft:swim_one_cm":24009,"minecraft:talked_to_villager":1,"minecraft:fall_one_cm":209,"minecraft:fly_one_cm":1116109},"minecraft:picked_up":{"minecraft:decorated_pot":4},"minecraft:used":{"alexsmobs:animal_dictionary":2,"minecraft:map":2,"minecraft:decorated_pot":4}},"DataVersion":3465}