{"stats":{"minecraft:picked_up":{"minecraft:decorated_pot":4,"minecraft:cobbled_deepslate":7,"minecraft:gravel":9,"minecraft:gunpowder":2},"minecraft:used":{"sophisticatedbackpacks:backpack":1,"minecraft:tnt":2,"minecraft:map":2,"minecraft:decorated_pot":4,"alexsmobs:animal_dictionary":2,"minecraft:chest":2,"minecraft:redstone_block":2},"minecraft:custom":{"minecraft:time_since_rest":125365,"minecraft:open_chest":16,"minecraft:crouch_one_cm":1279,"minecraft:sprint_one_cm":124874,"minecraft:interact_with_loom":1,"minecraft:play_time":125365,"minecraft:walk_one_cm":34117,"minecraft:sneak_time":1837,"minecraft:walk_under_water_one_cm":18101,"minecraft:mob_kills":1,"minecraft:jump":1145,"minecraft:walk_on_water_one_cm":13432,"minecraft:leave_game":8,"minecraft:time_since_death":125365,"minecraft:climb_one_cm":3604,"minecraft:total_world_time":125365,"minecraft:swim_one_cm":24009,"minecraft:talked_to_villager":1,"minecraft:fall_one_cm":209,"minecraft:fly_one_cm":1270993},"minecraft:killed":{"minecraft:creeper":1},"minecraft:mined":{"minecraft:decorated_pot":4}},"DataVersion":3465}