{"stats":{"minecraft:dropped":{"securitycraft:oak_security_sea_boat":1},"minecraft:killed":{"minecraft:wither_skeleton":1},"minecraft:picked_up":{"minecraft:bone":2,"minecraft:oak_log":2,"minecraft:coal":1},"minecraft:mined":{"minecraft:oak_log":2},"minecraft:used":{"minecraft:netherite_sword":7,"alexsmobs:animal_dictionary":1},"minecraft:custom":{"minecraft:time_since_rest":9123,"minecraft:crouch_one_cm":227,"minecraft:walk_one_cm":21013,"minecraft:damage_taken":275,"minecraft:play_time":13368,"minecraft:sprint_one_cm":7032,"minecraft:deaths":1,"minecraft:sneak_time":54,"minecraft:mob_kills":1,"minecraft:drop":1,"minecraft:damage_dealt_resisted":105,"minecraft:jump":72,"minecraft:damage_dealt":509,"minecraft:time_since_death":9097,"minecraft:walk_on_water_one_cm":792,"minecraft:total_world_time":13368,"minecraft:fall_one_cm":2140,"minecraft:fly_one_cm":89237}},"DataVersion":3465}