{"stats":{"minecraft:dropped":{"minecraft:netherite_sword":1,"securitycraft:oak_security_sea_boat":1},"minecraft:killed":{"minecraft:cave_spider":3,"minecraft:wither_skeleton":1,"endertrigon:baby_ender_dragon":1,"minecraft:creeper":1},"minecraft:picked_up":{"minecraft:bone":2,"minecraft:oak_log":2,"minecraft:spider_eye":3,"minecraft:coal":1,"minecraft:string":5},"minecraft:mined":{"minecraft:oak_log":2},"minecraft:used":{"moonsweaponry:netherite_greatsword":4,"endertrigon:baby_dragon_egg":1,"minecraft:netherite_sword":14,"minecraft:bow":25,"minecraft:cave_spider_spawn_egg":3,"alexsmobs:animal_dictionary":1,"enchantinginfuser:advanced_enchanting_infuser":1},"minecraft:custom":{"minecraft:time_since_rest":0,"minecraft:crouch_one_cm":227,"minecraft:walk_one_cm":31112,"minecraft:damage_taken":745,"minecraft:play_time":19562,"minecraft:sprint_one_cm":7032,"minecraft:deaths":2,"minecraft:sneak_time":54,"minecraft:mob_kills":6,"minecraft:drop":2,"minecraft:damage_dealt_resisted":105,"minecraft:jump":98,"minecraft:damage_dealt":1151,"minecraft:leave_game":1,"minecraft:time_since_death":0,"minecraft:walk_on_water_one_cm":792,"minecraft:total_world_time":19562,"minecraft:fall_one_cm":7843,"minecraft:fly_one_cm":94528}},"DataVersion":3465}