{"stats":{"minecraft:broken":{"minecraft:stone_pickaxe":1,"minecraft:iron_sword":1,"minecraft:wooden_axe":2,"minecraft:stone_sword":1,"minecraft:iron_axe":6,"minecraft:iron_pickaxe":1},"minecraft:used":{"minecraft:moss_block":1,"minecraft:moss_carpet":1,"minecraft:iron_shovel":133,"minecraft:spruce_slab":598,"minecraft:bone_block":1,"minecraft:decorated_pot":4,"minecraft:chest":5,"minecraft:shield":58,"minecraft:iron_sword":224,"mynethersdelight:cooked_loin":25,"minecraft:rotten_flesh":17,"paraglider:goddess_statue":5,"minecraft:carrot":3,"minecraft:stripped_spruce_log":50,"minecraft:lantern":24,"minecraft:rabbit_stew":1,"minecraft:furnace":7,"minecraft:cooked_cod":13,"minecraft:diorite":1,"minecraft:spruce_door":2,"minecraft:oak_planks":57,"minecraft:stone_pickaxe":183,"minecraft:wooden_pickaxe":19,"minecraft:blast_furnace":5,"minecraft:melon_slice":19,"minecraft:bread":24,"minecraft:andesite":7,"minecraft:oak_boat":3,"minecraft:azalea":1,"minecraft:netherite_sword":122,"minecraft:stone_sword":104,"minecraft:spruce_planks":776,"minecraft:cooked_chicken":1,"minecraft:stick":2,"minecraft:torch":98,"minecraft:dirt":13,"minecraft:spruce_stairs":5,"minecraft:spruce_fence":75,"paraglider:horned_statue":3,"minecraft:wooden_axe":34,"minecraft:iron_axe":915,"securitycraft:dirt_mine":2,"minecraft:cobbled_deepslate":2,"minecraft:water_bucket":71,"minecraft:baked_potato":11,"minecraft:crafting_table":14,"minecraft:red_bed":2,"minecraft:white_bed":1,"minecraft:spruce_log":132,"minecraft:smoker":3,"minecraft:oak_log":375,"minecraft:apple":2,"minecraft:iron_pickaxe":286,"alexsmobs:kangaroo_meat":1,"minecraft:spruce_trapdoor":123,"minecraft:spruce_sapling":12,"minecraft:stone_axe":12,"minecraft:cobblestone":41,"minecraft:cooked_porkchop":8,"minecraft:bucket":71,"minecraft:glass_pane":113,"minecraft:pumpkin_pie":3,"minecraft:stripped_oak_log":1,"minecraft:splash_potion":1},"minecraft:picked_up":{"gamma_beasts:thin_oak_log":4,"minecraft:iron_chestplate":1,"minecraft:flower_pot":1,"minecraft:lead":1,"minecraft:potion":1,"minecraft:amethyst_block":1,"paraglider:goddess_statue":8,"minecraft:string":133,"minecraft:iron_leggings":1,"minecraft:cobbled_deepslate":6,"mynethersdelight:cooked_loin":30,"minecraft:spruce_planks":126,"minecraft:white_tulip":2,"minecraft:azalea":1,"minecraft:melon_slice":19,"minecraft:furnace":7,"farmersdelight:cabbage_seeds":4,"minecraft:iron_boots":1,"minecraft:stick":187,"minecraft:torch":54,"minecraft:spruce_stairs":28,"minecraft:porkchop":8,"minecraft:diorite":1,"minecraft:rotten_flesh":13,"supplementaries:antique_ink":4,"gamma_beasts:coal_nugget":51,"supplementaries:ash":81,"minecraft:cobblestone":75,"minecraft:birch_log":2,"minecraft:feather":6,"minecraft:repeater":2,"minecraft:andesite":9,"minecraft:black_bed":1,"minecraft:smoker":4,"gamma_beasts:prehnite":42,"minecraft:potato":11,"paraglider:spirit_orb":6,"supplementaries:flax_seeds":8,"alexsmobs:rocky_shell":1,"minecraft:dirt":15,"minecraft:lantern":10,"minecraft:purple_carpet":1,"minecraft:bone":113,"minecraft:stonecutter":2,"minecraft:orange_tulip":19,"minecraft:wheat_seeds":7,"minecraft:raw_gold":6,"minecraft:moss_block":4,"minecraft:oak_planks":15,"minecraft:cooked_porkchop":8,"mynethersdelight:hoglin_loin":30,"minecraft:sand":136,"minecraft:stripped_spruce_log":88,"alexsmobs:animal_dictionary":1,"minecraft:mossy_cobblestone":3,"epicsamurai:straw_hat":1,"minecraft:polished_andesite":2,"minecraft:diamond":12,"minecraft:crossbow":3,"minecraft:emerald":17,"minecraft:oak_sapling":172,"minecraft:bricks":6,"minecraft:crafting_table":15,"minecraft:allium":1,"minecraft:chicken":1,"minecraft:leather_leggings":1,"minecraft:redstone_lamp":53,"minecraft:rabbit_stew":3,"minecraft:red_bed":2,"minecraft:moss_carpet":2,"epicsamurai:jade":11,"minecraft:blue_orchid":2,"minecraft:candle":8,"minecraft:netherite_sword":1,"minecraft:beef":6,"minecraft:oak_boat":4,"minecraft:iron_nugget":59,"minecraft:spruce_slab":174,"minecraft:sugar_cane":10,"minecraft:chest":2,"minecraft:spruce_trapdoor":27,"minecraft:raw_iron":123,"minecraft:spruce_fence":22,"minecraft:cake":1,"minecraft:carrot":23,"minecraft:arrow":42,"minecraft:cooked_cod":13,"minecraft:decorated_pot":4,"minecraft:pumpkin_pie":1,"minecraft:hay_block":54,"paraglider:horned_statue":7,"minecraft:white_wool":21,"alexsmobs:kangaroo_meat":1,"minecraft:bone_block":2,"minecraft:stripped_oak_log":2,"minecraft:glow_ink_sac":38,"minecraft:leather":15,"minecraft:filled_map":1,"minecraft:oak_log":483,"minecraft:gunpowder":6,"minecraft:cobblestone_wall":8,"minecraft:apple":18,"minecraft:spruce_wood":4,"minecraft:iron_ingot":6,"minecraft:stone_pickaxe":1,"minecraft:cobweb":22,"minecraft:glass_bottle":10,"epicsamurai:aquamarine":5,"minecraft:scaffolding":1,"minecraft:book":120,"minecraft:black_candle":1,"minecraft:sweet_berries":4,"minecraft:chiseled_stone_bricks":1,"minecraft:stone_brick_slab":1,"minecraft:raw_iron_block":1,"minecraft:spruce_sapling":96,"minecraft:blast_furnace":7,"minecraft:spruce_log":408,"minecraft:spruce_door":2,"minecraft:spider_eye":4,"minecraft:slime_ball":2,"minecraft:coal":126,"minecraft:ender_pearl":1},"minecraft:custom":{"minecraft:interact_with_crafting_table":88,"minecraft:open_barrel":19,"minecraft:leave_game":4,"minecraft:time_since_death":255517,"minecraft:sprint_one_cm":694698,"minecraft:damage_blocked_by_shield":1965,"minecraft:drop":78,"minecraft:talked_to_villager":7,"minecraft:play_time":411918,"minecraft:deaths":6,"minecraft:jump":4126,"minecraft:walk_on_water_one_cm":94012,"minecraft:interact_with_furnace":72,"minecraft:sleep_in_bed":3,"minecraft:damage_dealt":20664,"minecraft:player_kills":1,"minecraft:crouch_one_cm":146312,"minecraft:interact_with_smoker":10,"minecraft:mob_kills":89,"minecraft:interact_with_anvil":1,"minecraft:damage_dealt_resisted":68,"minecraft:climb_one_cm":13643,"minecraft:walk_one_cm":1104546,"minecraft:damage_dealt_absorbed":70,"minecraft:sneak_time":44964,"minecraft:walk_under_water_one_cm":89672,"minecraft:boat_one_cm":1890,"minecraft:interact_with_blast_furnace":38,"minecraft:total_world_time":411918,"minecraft:tune_noteblock":5,"minecraft:time_since_rest":70380,"minecraft:damage_taken":9328,"minecraft:swim_one_cm":8943,"minecraft:fly_one_cm":647314,"minecraft:open_chest":154,"minecraft:fall_one_cm":165624},"minecraft:killed":{"minecraft:cave_spider":11,"minecraft:witch":2,"epicsamurai:kawauso":1,"minecraft:spider":4,"alexsmobs:bald_eagle":1,"minecraft:skeleton":12,"minecraft:chicken":1,"epicsamurai:enenra":1,"minecraft:piglin":1,"minecraft:pig":5,"minecraft:creeper":7,"minecraft:pillager":5,"minecraft:zombie":12,"minecraft:cow":3,"minecraft:vindicator":2,"alexsmobs:tasmanian_devil":2,"epicsamurai:tanuki":1,"minecraft:hoglin":7,"alexsmobs:crow":1,"minecraft:wither_skeleton":7,"minecraft:enderman":1},"minecraft:dropped":{"minecraft:moss_block":3,"minecraft:birch_planks":2,"minecraft:diamond":2,"minecraft:crossbow":1,"minecraft:leather":2,"minecraft:bone_block":1,"minecraft:sand":1,"minecraft:cobbled_deepslate":1,"supplementaries:antique_ink":1,"supplementaries:flax_seeds":8,"supplementaries:ash":68,"minecraft:leather_boots":1,"minecraft:leather_leggings":1,"minecraft:arrow":1,"minecraft:scaffolding":1,"minecraft:purple_carpet":1,"minecraft:wheat_seeds":7,"minecraft:mossy_cobblestone":3,"minecraft:amethyst_block":1,"minecraft:polished_andesite":2,"minecraft:black_candle":1,"minecraft:torch":19,"minecraft:repeater":2,"minecraft:iron_leggings":2,"minecraft:string":2,"minecraft:moss_carpet":1,"securitycraft:mine":2,"minecraft:bowl":1,"minecraft:iron_boots":2,"minecraft:allium":1,"minecraft:spruce_planks":1,"minecraft:iron_chestplate":2,"minecraft:andesite":2,"minecraft:oak_sapling":154,"mynethersdelight:cooked_loin":5,"minecraft:blue_orchid":2},"minecraft:mined":{"minecraft:spruce_planks":165,"gamma_beasts:roble_hoja_1":1,"minecraft:potted_blue_orchid":1,"minecraft:spruce_trapdoor":30,"minecraft:grass_block":2,"minecraft:red_stained_glass_pane":4,"minecraft:chiseled_stone_bricks":1,"minecraft:spawner":3,"epicsamurai:deepslate_jade_ore":11,"minecraft:raw_iron_block":1,"minecraft:iron_ore":79,"minecraft:fire":1,"diagonalfences:minecraft/spruce_fence":12,"supplementaries:stick":1,"amendments:wall_lantern":2,"minecraft:spruce_slab":184,"minecraft:red_bed":2,"gamma_beasts:jungla_hoja":1,"minecraft:smoker":3,"minecraft:torch":8,"minecraft:blast_furnace":6,"minecraft:melon":4,"minecraft:chest":2,"minecraft:cobblestone":26,"minecraft:sugar_cane":4,"minecraft:oak_planks":44,"minecraft:bricks":6,"minecraft:wall_torch":4,"minecraft:amethyst_block":1,"minecraft:chain":1,"minecraft:repeater":2,"minecraft:birch_log":2,"paraglider:horned_statue":5,"epicsamurai:aquamarine_ore":4,"minecraft:black_bed":1,"minecraft:orange_tulip":10,"minecraft:grass":11,"minecraft:oak_log":54,"minecraft:sand":133,"minecraft:dirt":14,"minecraft:stonecutter":1,"minecraft:deepslate":6,"minecraft:redstone_lamp":56,"minecraft:tuff":1,"minecraft:mossy_cobblestone":3,"minecraft:deepslate_diamond_ore":11,"minecraft:candle":1,"farmersdelight:wild_carrots":13,"gravestone:gravestone":6,"minecraft:allium":1,"minecraft:spruce_fence":8,"minecraft:decorated_pot":4,"minecraft:moss_block":3,"minecraft:large_fern":1,"minecraft:hay_block":28,"minecraft:furnace":7,"gamma_beasts:prehnite_ore":35,"minecraft:andesite":7,"minecraft:stripped_spruce_log":97,"minecraft:bookshelf":20,"minecraft:deepslate_iron_ore":21,"minecraft:lantern":4,"minecraft:stripped_oak_log":2,"minecraft:stone":42,"minecraft:white_tulip":1,"minecraft:bone_block":1,"minecraft:white_wool":13,"minecraft:scaffolding":1,"minecraft:glass_pane":4,"minecraft:brown_stained_glass_pane":2,"minecraft:stone_brick_slab":1,"epicsamurai:deepslate_aquamarine_ore":1,"minecraft:crafting_table":15,"minecraft:deepslate_gold_ore":6,"minecraft:diorite":1,"supplementaries:urn":39,"minecraft:spruce_stairs":31,"gamma_beasts:deepslate_prehnite_ore":8,"minecraft:cobblestone_wall":4,"minecraft:spruce_log":130,"gamma_beasts:thin_oak_log":6,"minecraft:coal_ore":97,"minecraft:gravel":1,"minecraft:cobweb":47,"minecraft:polished_andesite":2,"minecraft:fern":2,"paraglider:goddess_statue":8},"minecraft:crafted":{"minecraft:oak_planks":126,"securitycraft:mine":24,"epicsamurai:green_samurai_chestplate":1,"minecraft:cooked_chicken":1,"epicsamurai:green_samurai_leggings_light":1,"minecraft:glass":52,"minecraft:iron_boots":1,"minecraft:chest":6,"sophisticatedbackpacks:backpack":1,"minecraft:cooked_porkchop":8,"minecraft:crafting_table":2,"minecraft:spruce_planks":1264,"minecraft:wooden_pickaxe":1,"minecraft:baked_potato":16,"minecraft:spruce_door":3,"minecraft:birch_planks":8,"minecraft:spruce_trapdoor":102,"minecraft:iron_chestplate":1,"minecraft:shield":1,"minecraft:stick":20,"minecraft:iron_ingot":109,"minecraft:iron_pickaxe":3,"minecraft:stone_sword":1,"minecraft:gold_ingot":14,"minecraft:raw_iron":9,"minecraft:iron_nugget":153,"minecraft:bone_meal":99,"minecraft:spruce_fence":58,"minecraft:glass_pane":128,"minecraft:lantern":14,"minecraft:iron_axe":7,"minecraft:spruce_slab":426,"minecraft:stone_pickaxe":3,"minecraft:wheat":243,"sophisticatedbackpacks:iron_backpack":2,"minecraft:cooked_beef":6,"minecraft:iron_sword":1,"minecraft:bucket":1,"minecraft:stone_axe":1,"minecraft:orange_dye":1,"minecraft:bread":81,"minecraft:air":0,"securitycraft:dirt_mine":2,"minecraft:oak_boat":1,"minecraft:wooden_axe":2,"minecraft:iron_shovel":2,"minecraft:iron_leggings":1,"minecraft:white_bed":1,"epicsamurai:steel_ingot":4,"minecraft:torch":84}},"DataVersion":3465}