[
  {
    "name": "Palomotaku",
    "uuid": "c0e70524-4c7e-3f6c-8bf2-fabe689e40e6"
  },
  {
    "name": "JEANPOOL",
    "uuid": "26a8869d-52fe-39d4-90c6-ddaa62cf6ba1"
  },
  {
    "name": "Ernesto_96",
    "uuid": "e35fd8c2-1831-311e-ad39-ca03f3194c44"
  },
  {
    "name": "NoSoyBenyi",
    "uuid": "221a3ad8-c520-37df-b32e-90777d1a4d3e"
  },
  {
    "name": "BarbillaRoja12",
    "uuid": "9c2ea9fe-ebbd-34fe-a1c4-9e4a40966812"
  },
  {
    "name": "CEJAM",
    "uuid": "9677f7a8-a0b2-3c67-98e9-248e032f5201"
  }
]